id,parent_id,function,args,output,latency_sec,error,timestamp,input_tokens,output_tokens,cost_usd
2a4509bf,,async_orchestrator,"('What is quantum computing?',)","# Quantum Computing: Brief Overview

Quantum computing is a fundamentally differ | Quantum computing uses quantum bits (qubits) that exploit superposition and enta",3.927,,2026-05-01T07:19:16.980366,7,40,0.000127
4b7a05e4,2a4509bf,async_summarizer,"('What is quantum computing?',)","Quantum computing uses quantum bits (qubits) that exploit superposition and entanglement to process multiple possibilities simultaneously, potentially solving certain complex problems exponentially fa",0.942,,2026-05-01T07:19:16.977287,7,57,0.000178
77dd0019,2a4509bf,async_researcher,"('What is quantum computing?',)","# Quantum Computing: Brief Overview

Quantum computing is a fundamentally different approach to computation that leverages principles of **quantum mechanics** rather than classical physics.

## Key Di",2.978,,2026-05-01T07:19:16.031336,7,346,0.001045
416eb7bc,,async_orchestrator,"('What is quantum computing?',)",,3.42,name 'prev_token' is not defined,2026-05-01T07:17:56.267534,7,0,7e-06
a08d548b,416eb7bc,async_summarizer,"('What is quantum computing?',)","Quantum computing uses quantum bits (qubits) that exploit superposition and entanglement to process multiple possibilities simultaneously, potentially solving certain problems exponentially faster tha",0.634,,2026-05-01T07:17:56.262580,7,55,0.000172
ae5472dd,416eb7bc,async_researcher,"('What is quantum computing?',)","# Quantum Computing: A Brief Overview

## What It Is
Quantum computing harnesses the principles of quantum mechanics to process information fundamentally differently than classical computers. Instead ",2.773,,2026-05-01T07:17:55.620791,7,326,0.000985
26ace9c3,,orchestrator,"('What is AGI?',)","AGI is a hypothetical AI system with human-level intelligence capable of understanding, learning, and applying knowledge across any intellectual task, though it doesn't currently exist and its timelin",4.569,,2026-04-30T12:07:33.015287,4,59,0.000181
72194587,26ace9c3,summarizer,"('# Artificial General Intelligence (AGI)\n\n## Definition\nAGI refers to a hypothetical AI system with **human-level intelligence** that can understand, learn, and apply knowledge across *any* intell","AGI is a hypothetical AI system with human-level intelligence capable of understanding, learning, and applying knowledge across any intellectual task, though it doesn't currently exist and its timelin",1.01,,2026-04-30T12:07:33.012007,338,59,0.0005064
4b42629e,26ace9c3,researcher,"('What is AGI?',)","# Artificial General Intelligence (AGI)

## Definition
AGI refers to a hypothetical AI system with **human-level intelligence** that can understand, learn, and apply knowledge across *any* intellectua",3.544,,2026-04-30T12:07:31.990282,4,330,0.0013232
